ticker,company_name,sector,esg_etf,standard_etf,in_esg_only,in_standard_only,in_on_index_only,esg_tilt,esg_uw_ow,esg_tilt_z_score,esg_tilt_rank,esg_tilt_percentile,esg_tilt_quantile_5
PRU,PRUDENTIAL FINANCIAL INC,Financials,0.536680252,0.105743131,FALSE,FALSE,FALSE,0.430937121,Overweight,-3.396230934,1,0,1
GIS,GENERAL MILLS INC,Consumer Staples,0.552218037,0.151343703,FALSE,FALSE,FALSE,0.400874334,Overweight,-3.15930503,2,0.001865672,1
K,KELLOGG,Consumer Staples,0.453427942,0.059207325,FALSE,FALSE,FALSE,0.394220617,Overweight,-3.106866847,3,0.003731343,1
ADP,AUTOMATIC DATA PROCESSING INC,Information Technology,0.648683622,0.31168123,FALSE,FALSE,FALSE,0.337002393,Overweight,-2.655927966,4,0.005597015,1
ECL,ECOLAB INC,Materials,0.440702504,0.118450765,FALSE,FALSE,FALSE,0.322251739,Overweight,-2.539677539,5,0.007462687,1
JCI,JOHNSON CONTROLS INTERNATIONAL PLC,Industrials,0.416066757,0.112429619,FALSE,FALSE,FALSE,0.303637137,Overweight,-2.39297519,6,0.009328358,1
ES,EVERSOURCE ENERGY,Utilities,0.392109202,0.089644847,FALSE,FALSE,FALSE,0.302464354,Overweight,-2.383732447,7,0.01119403,1
PEG,PUBLIC SERVICE ENTERPRISE GROUP IN,Utilities,0.37639656,0.092859075,FALSE,FALSE,FALSE,0.283537485,Overweight,-2.234569112,8,0.013059701,1
RTX,RAYTHEON TECHNOLOGIES CORP,Industrials,0.677414787,0.400825693,FALSE,FALSE,FALSE,0.276589093,Overweight,-2.179808585,9,0.014925373,1
LNG,CHENIERE ENERGY INC,Energy,0.273656704,0,TRUE,FALSE,TRUE,0.273656704,Overweight,-2.156698322,10,0.016791045,1
RF,REGIONS FINANCIAL CORP,Financials,0.334493726,0.062194516,FALSE,FALSE,FALSE,0.272299209,Overweight,-2.145999853,11,0.018656716,1
ZTS,ZOETIS INC,Health Care,0.499157257,0.23010427,FALSE,FALSE,FALSE,0.269052987,Overweight,-2.120416258,12,0.020522388,1
PEP,PEPSICO INC,Consumer Staples,1.014083766,0.74719321,FALSE,FALSE,FALSE,0.266890556,Overweight,-2.103374062,13,0.02238806,1
TT,TRANE TECHNOLOGIES PLC,Industrials,0.372537466,0.111276521,FALSE,FALSE,FALSE,0.261260945,Overweight,-2.059006896,14,0.024253731,1
TXN,TEXAS INSTRUMENT INC,Information Technology,0.727635917,0.468997368,FALSE,FALSE,FALSE,0.258638549,Overweight,-2.038339698,15,0.026119403,1
EXPD,EXPEDITORS INTERNATIONAL OF WASHIN,Industrials,0.305607651,0.047700243,FALSE,FALSE,FALSE,0.257907408,Overweight,-2.032577554,16,0.027985075,1
HII,HUNTINGTON INGALLS INDUSTRIES INC,Industrials,0.281687144,0.029806353,FALSE,FALSE,FALSE,0.251880791,Overweight,-1.985081567,17,0.029850746,1
GWW,WW GRAINGER INC,Industrials,0.32353969,0.073798306,FALSE,FALSE,FALSE,0.249741384,Overweight,-1.968220823,18,0.031716418,1
WELL,WELLTOWER,Real Estate,0.346634514,0.099308263,FALSE,FALSE,FALSE,0.247326251,Overweight,-1.949187074,19,0.03358209,1
HAS,HASBRO INC,Consumer Discretionary,0.268390521,0.028947994,FALSE,FALSE,FALSE,0.239442527,Overweight,-1.887055164,20,0.035447761,1
ED,CONSOLIDATED EDISON INC,Utilities,0.328082831,0.100797526,FALSE,FALSE,FALSE,0.227285305,Overweight,-1.791243656,21,0.037313433,1
HES,HESS CORP,Energy,0.326589078,0.101194799,FALSE,FALSE,FALSE,0.225394279,Overweight,-1.776340409,22,0.039179104,1
A,AGILENT TECHNOLOGIES INC,Health Care,0.345767727,0.120403955,FALSE,FALSE,FALSE,0.225363772,Overweight,-1.776099984,23,0.041044776,1
LHX,L3HARRIS TECHNOLOGIES INC,Industrials,0.345942386,0.13162261,FALSE,FALSE,FALSE,0.214319776,Overweight,-1.689061858,24,0.042910448,1
XYL,XYLEM INC,Industrials,0.265740314,0.052077853,FALSE,FALSE,FALSE,0.213662461,Overweight,-1.683881533,25,0.044776119,1
GILD,GILEAD SCIENCES INC,Health Care,0.468500471,0.256413839,FALSE,FALSE,FALSE,0.212086632,Overweight,-1.671462367,26,0.046641791,1
BLK,BLACKROCK INC,Financials,0.48459904,0.275138819,FALSE,FALSE,FALSE,0.209460221,Overweight,-1.650763531,27,0.048507463,1
HPE,HEWLETT PACKARD ENTERPRISE,Information Technology,0.251406355,0.051609298,FALSE,FALSE,FALSE,0.199797057,Overweight,-1.574607786,28,0.050373134,1
MMM,3M,Industrials,0.40228911,0.202922363,FALSE,FALSE,FALSE,0.199366748,Overweight,-1.571216504,29,0.052238806,1
BG,BUNGE LTD,Consumer Staples,0.198611155,0,TRUE,FALSE,TRUE,0.198611155,Overweight,-1.565261649,30,0.054104478,1
STE,STERIS,Health Care,0.245952462,0.054711339,FALSE,FALSE,FALSE,0.191241124,Overweight,-1.507178169,31,0.055970149,1
KO,COCA-COLA,Consumer Staples,0.910922163,0.723072219,FALSE,FALSE,FALSE,0.187849944,Overweight,-1.480452158,32,0.057835821,1
MTN,VAIL RESORTS INC,Consumer Discretionary,0.172580897,0,TRUE,FALSE,TRUE,0.172580897,Overweight,-1.360116251,33,0.059701493,1
CBRE,CBRE GROUP INC,Real Estate,0.244370434,0.071902188,FALSE,FALSE,FALSE,0.172468246,Overweight,-1.359228442,34,0.061567164,1
VTR,VENTAS REIT INC,Real Estate,0.224580076,0.053177729,FALSE,FALSE,FALSE,0.171402347,Overweight,-1.350828058,35,0.063432836,1
HLT,HILTON WORLDWIDE HOLDINGS INC,Consumer Discretionary,0.280149977,0.110239228,FALSE,FALSE,FALSE,0.16991075,Overweight,-1.339072723,36,0.065298507,1
UBER,UBER TECHNOLOGIES INC,Industrials,0.169900588,0,TRUE,FALSE,TRUE,0.169900588,Overweight,-1.338992641,37,0.067164179,1
AMCR,AMCOR PLC,Materials,0.221705609,0.053807193,FALSE,FALSE,FALSE,0.167898416,Overweight,-1.323213453,38,0.069029851,1
WST,WEST PHARMACEUTICAL SERVICES INC,Health Care,0.219388747,0.060679295,FALSE,FALSE,FALSE,0.158709452,Overweight,-1.250794895,39,0.070895522,1
MS,MORGAN STANLEY,Financials,0.509037657,0.350874403,FALSE,FALSE,FALSE,0.158163254,Overweight,-1.246490289,40,0.072761194,1
HBAN,HUNTINGTON BANCSHARES INC,Financials,0.219076876,0.062825704,FALSE,FALSE,FALSE,0.156251172,Overweight,-1.231421104,41,0.074626866,1
CB,CHUBB LTD,Financials,0.405859526,0.251904364,FALSE,FALSE,FALSE,0.153955162,Overweight,-1.213326164,42,0.076492537,1
LKQ,LKQ CORP,Consumer Discretionary,0.19356161,0.040582704,FALSE,FALSE,FALSE,0.152978906,Overweight,-1.205632253,43,0.078358209,1
PNC,PNC FINANCIAL SERVICES GROUP INC,Financials,0.354671495,0.20317719,FALSE,FALSE,FALSE,0.151494305,Overweight,-1.193932061,44,0.080223881,1
PODD,INSULET CORP,Health Care,0.149110802,0,TRUE,FALSE,TRUE,0.149110802,Overweight,-1.175147588,45,0.082089552,1
MCO,MOODYS CORP,Financials,0.275161925,0.127833367,FALSE,FALSE,FALSE,0.147328557,Overweight,-1.161101655,46,0.083955224,1
TRV,TRAVELERS COMPANIES INC,Financials,0.267357318,0.120114905,FALSE,FALSE,FALSE,0.147242413,Overweight,-1.16042275,47,0.085820896,1
ADBE,ADOBE INC,Information Technology,0.573377788,0.427112802,FALSE,FALSE,FALSE,0.146264986,Overweight,-1.152719614,48,0.087686567,1
MELI,MERCADOLIBRE INC,Consumer Discretionary,0.144572303,0,TRUE,FALSE,TRUE,0.144572303,Overweight,-1.139379519,49,0.089552239,1
EW,EDWARDS LIFESCIENCES CORP,Health Care,0.312248394,0.169876325,FALSE,FALSE,FALSE,0.142372069,Overweight,-1.122039394,50,0.09141791,1
SNOW,SNOWFLAKE,Information Technology,0.142141784,0,TRUE,FALSE,TRUE,0.142141784,Overweight,-1.12022451,51,0.093283582,1
BBY,BEST BUY INC,Consumer Discretionary,0.184142117,0.042423085,FALSE,FALSE,FALSE,0.141719033,Overweight,-1.116892791,52,0.095149254,1
PEAK,HEALTHPEAK PROPERTIES INC,Real Estate,0.182444637,0.040958419,FALSE,FALSE,FALSE,0.141486218,Overweight,-1.115057971,53,0.097014925,1
TRMB,TRIMBLE INC,Information Technology,0.184048071,0.04482004,FALSE,FALSE,FALSE,0.139228031,Overweight,-1.097261113,54,0.098880597,1
LOW,LOWES COMPANIES INC,Consumer Discretionary,0.535252032,0.398065641,FALSE,FALSE,FALSE,0.13718639,Overweight,-1.081170873,55,0.100746269,1
WAT,WATERS CORP,Health Care,0.189406872,0.053152167,FALSE,FALSE,FALSE,0.136254704,Overweight,-1.073828222,56,0.10261194,1
OKE,ONEOK INC,Energy,0.211355284,0.075796492,FALSE,FALSE,FALSE,0.135558792,Overweight,-1.068343707,57,0.104477612,1
KDP,KEURIG DR PEPPER INC,Consumer Staples,0.235776271,0.101407655,FALSE,FALSE,FALSE,0.134368616,Overweight,-1.058963891,58,0.106343284,1
VMW,VMWARE CLASS A INC,Information Technology,0.133811153,0,TRUE,FALSE,TRUE,0.133811153,Overweight,-1.054570506,59,0.108208955,1
MRVL,MARVELL TECHNOLOGY INC,Information Technology,0.12978004,0,TRUE,FALSE,TRUE,0.12978004,Overweight,-1.022801158,60,0.110074627,1
NDAQ,NASDAQ INC,Financials,0.190695515,0.063419675,FALSE,FALSE,FALSE,0.127275841,Overweight,-1.003065476,61,0.111940299,1
KEYS,KEYSIGHT TECHNOLOGIES INC,Information Technology,0.220810468,0.093803262,FALSE,FALSE,FALSE,0.127007206,Overweight,-1.000948357,62,0.11380597,1
MMC,MARSH & MCLENNAN INC,Financials,0.373017185,0.247053485,FALSE,FALSE,FALSE,0.1259637,Overweight,-0.992724447,63,0.115671642,1
EQIX,EQUINIX REIT INC,Real Estate,0.297405743,0.171644237,FALSE,FALSE,FALSE,0.125761505,Overweight,-0.991130943,64,0.117537313,1
AMT,AMERICAN TOWER REIT CORP,Real Estate,0.454530157,0.331499227,FALSE,FALSE,FALSE,0.12303093,Overweight,-0.969611184,65,0.119402985,1
HD,HOME DEPOT INC,Consumer Discretionary,1.063353694,0.940485332,FALSE,FALSE,FALSE,0.122868362,Overweight,-0.968329976,66,0.121268657,1
SRE,SEMPRA,Utilities,0.278238581,0.156070812,FALSE,FALSE,FALSE,0.12216777,Overweight,-0.962808582,67,0.123134328,1
NEE,NEXTERA ENERGY INC,Utilities,0.633059307,0.510895317,FALSE,FALSE,FALSE,0.12216399,Overweight,-0.962778792,68,0.125,1
HZNP,HORIZON THERAPEUTICS PUBLIC PLC,Health Care,0.121191483,0,TRUE,FALSE,TRUE,0.121191483,Overweight,-0.955114436,69,0.126865672,1
EXC,EXELON CORP,Utilities,0.243759409,0.123789174,FALSE,FALSE,FALSE,0.119970235,Overweight,-0.945489733,70,0.128731343,1
CCI,CROWN CASTLE INC,Real Estate,0.326237314,0.20758329,FALSE,FALSE,FALSE,0.118654025,Overweight,-0.935116633,71,0.130597015,1
ZEN,ZENDESK INC,Information Technology,0.117578573,0,TRUE,FALSE,TRUE,0.117578573,Overweight,-0.926640961,72,0.132462687,1
KMB,KIMBERLY CLARK CORP,Consumer Staples,0.24106173,0.125625502,FALSE,FALSE,FALSE,0.115436228,Overweight,-0.909757058,73,0.134328358,1
LPLA,LPL FINANCIAL HOLDINGS INC,Financials,0.115160055,0,TRUE,FALSE,TRUE,0.115160055,Overweight,-0.90758053,74,0.13619403,1
BKI,BLACK KNIGHT INC,Information Technology,0.113824987,0,TRUE,FALSE,TRUE,0.113824987,Overweight,-0.897058815,75,0.138059701,1
ZI,ZOOMINFO TECHNOLOGIES INC,Communication,0.113561415,0,TRUE,FALSE,TRUE,0.113561415,Overweight,-0.894981589,76,0.139925373,1
PANW,PALO ALTO NETWORKS INC,Information Technology,0.113176299,0,TRUE,FALSE,TRUE,0.113176299,Overweight,-0.891946478,77,0.141791045,1
RIVN,RIVIAN AUTOMOTIVE INC,Consumer Discretionary,0.112986753,0,TRUE,FALSE,TRUE,0.112986753,Overweight,-0.890452663,78,0.143656716,1
KR,KROGER,Consumer Staples,0.20773714,0.09494093,FALSE,FALSE,FALSE,0.11279621,Overweight,-0.888950987,79,0.145522388,1
CARR,CARRIER GLOBAL CORP,Industrials,0.211413393,0.09957421,FALSE,FALSE,FALSE,0.111839183,Overweight,-0.881408622,80,0.14738806,1
WTRG,ESSENTIAL UTILITIES INC,Utilities,0.111770231,0,TRUE,FALSE,TRUE,0.111770231,Overweight,-0.88086521,81,0.149253731,1
UGI,UGI CORP,Utilities,0.11048392,0,TRUE,FALSE,TRUE,0.11048392,Overweight,-0.870727745,82,0.151119403,1
APTV,APTIV PLC,Consumer Discretionary,0.180870604,0.070671586,FALSE,FALSE,FALSE,0.110199019,Overweight,-0.868482425,83,0.152985075,1
ADM,ARCHER DANIELS MIDLAND,Consumer Staples,0.257878113,0.149552234,FALSE,FALSE,FALSE,0.108325879,Overweight,-0.853720146,84,0.154850746,1
AXP,AMERICAN EXPRESS,Financials,0.37602495,0.268346,FALSE,FALSE,FALSE,0.10767895,Overweight,-0.848621672,85,0.156716418,1
TWLO,TWILIO INC,Information Technology,0.107544882,0,TRUE,FALSE,TRUE,0.107544882,Overweight,-0.847565077,86,0.15858209,1
WDAY,WORKDAY INC,Information Technology,0.107049753,0,TRUE,FALSE,TRUE,0.107049753,Overweight,-0.843662949,87,0.160447761,1
ANSS,ANSYS INC,Information Technology,0.16969861,0.063911362,FALSE,FALSE,FALSE,0.105787248,Overweight,-0.833713106,88,0.162313433,1
AMAT,APPLIED MATERIAL INC,Information Technology,0.341827994,0.236365545,FALSE,FALSE,FALSE,0.10546245,Overweight,-0.831153356,89,0.164179104,1
CHRW,CH ROBINSON WORLDWIDE INC,Industrials,0.14377768,0.039376958,FALSE,FALSE,FALSE,0.104400722,Overweight,-0.82278584,90,0.166044776,1
OC,OWENS CORNING,Industrials,0.10348672,0,TRUE,FALSE,TRUE,0.10348672,Overweight,-0.815582556,91,0.167910448,1
GDDY,GODADDY INC,Information Technology,0.103396118,0,TRUE,FALSE,TRUE,0.103396118,Overweight,-0.814868518,92,0.169776119,1
IDXX,IDEXX LABORATORIES INC,Health Care,0.192929354,0.09029042,FALSE,FALSE,FALSE,0.102638934,Overweight,-0.808901124,93,0.171641791,1
STLD,STEEL DYNAMICS INC,Materials,0.102585853,0,TRUE,FALSE,TRUE,0.102585853,Overweight,-0.808482792,94,0.173507463,1
LULU,LULULEMON ATHLETICA INC,Consumer Discretionary,0.102536982,0,TRUE,FALSE,TRUE,0.102536982,Overweight,-0.808097644,95,0.175373134,1
CDNS,CADENCE DESIGN SYSTEMS INC,Information Technology,0.250786803,0.148430684,FALSE,FALSE,FALSE,0.102356119,Overweight,-0.806672255,96,0.177238806,1
MKC,MCCORMICK & CO NON-VOTING INC,Consumer Staples,0.16180591,0.059480757,FALSE,FALSE,FALSE,0.102325153,Overweight,-0.806428209,97,0.179104478,1
CRWD,CROWDSTRIKE HOLDINGS INC,Information Technology,0.102314698,0,TRUE,FALSE,TRUE,0.102314698,Overweight,-0.806345811,98,0.180970149,1
TAP,MOLSON COORS BREWING,Consumer Staples,0.132148394,0.029899163,FALSE,FALSE,FALSE,0.102249231,Overweight,-0.805829863,99,0.182835821,1
BK,BANK OF NEW YORK MELLON CORP,Financials,0.195310858,0.093936273,FALSE,FALSE,FALSE,0.101374585,Overweight,-0.798936747,100,0.184701493,1
EQH,EQUITABLE HOLDINGS INC,Financials,0.099635851,0,TRUE,FALSE,TRUE,0.099635851,Overweight,-0.78523372,101,0.186567164,1
DFS,DISCOVER FINANCIAL SERVICES,Financials,0.18084627,0.082756686,FALSE,FALSE,FALSE,0.098089584,Overweight,-0.773047537,102,0.188432836,1
LEA,LEAR CORP,Consumer Discretionary,0.097515477,0,TRUE,FALSE,TRUE,0.097515477,Overweight,-0.768522981,103,0.190298507,1
TGT,TARGET CORP,Consumer Discretionary,0.32349107,0.228182028,FALSE,FALSE,FALSE,0.095309042,Overweight,-0.751133983,104,0.192164179,1
SGEN,SEAGEN INC,Health Care,0.094270805,0,TRUE,FALSE,TRUE,0.094270805,Overweight,-0.742951599,105,0.194029851,1
RHI,ROBERT HALF,Industrials,0.122620387,0.028349662,FALSE,FALSE,FALSE,0.094270725,Overweight,-0.742950971,106,0.195895522,1
NOW,SERVICENOW INC,Information Technology,0.346803327,0.252952396,FALSE,FALSE,FALSE,0.093850931,Overweight,-0.739642559,107,0.197761194,1
LRCX,LAM RESEARCH CORP,Information Technology,0.258955952,0.166048692,FALSE,FALSE,FALSE,0.09290726,Overweight,-0.732205455,108,0.199626866,1
PLUG,PLUG POWER INC,Industrials,0.092652309,0,TRUE,FALSE,TRUE,0.092652309,Overweight,-0.730196179,109,0.201492537,2
HUBS,HUBSPOT INC,Information Technology,0.090870185,0,TRUE,FALSE,TRUE,0.090870185,Overweight,-0.716151192,110,0.203358209,2
NXPI,NXP SEMICONDUCTORS NV,Information Technology,0.219908224,0.129099207,FALSE,FALSE,FALSE,0.090809017,Overweight,-0.715669123,111,0.205223881,2
BALL,BALL CORP,Materials,0.141402193,0.050823393,FALSE,FALSE,FALSE,0.0905788,Overweight,-0.713854774,112,0.207089552,2
DVA,DAVITA INC,Health Care,0.10502657,0.015830145,FALSE,FALSE,FALSE,0.089196425,Overweight,-0.702960228,113,0.208955224,2
SQ,BLOCK INC,Information Technology,0.087470856,0,TRUE,FALSE,TRUE,0.087470856,Overweight,-0.689360963,114,0.210820896,2
VZ,VERIZON COMMUNICATIONS INC,Communication,0.615494441,0.528819765,FALSE,FALSE,FALSE,0.086674675,Overweight,-0.683086232,115,0.212686567,2
CL,COLGATE-PALMOLIVE,Consumer Staples,0.280927251,0.194321895,FALSE,FALSE,FALSE,0.086605356,Overweight,-0.682539922,116,0.214552239,2
DGX,QUEST DIAGNOSTICS INC,Health Care,0.132441482,0.047275516,FALSE,FALSE,FALSE,0.085165966,Overweight,-0.671196041,117,0.21641791,2
RMD,RESMED INC,Health Care,0.18939398,0.105679278,FALSE,FALSE,FALSE,0.083714702,Overweight,-0.659758572,118,0.218283582,2
CABO,CABLE ONE INC,Communication,0.082970455,0,TRUE,FALSE,TRUE,0.082970455,Overweight,-0.65389314,119,0.220149254,2
VFC,VF CORP,Consumer Discretionary,0.114981215,0.032300239,FALSE,FALSE,FALSE,0.082680977,Overweight,-0.651611749,120,0.222014925,2
LDOS,LEIDOS HOLDINGS INC,Industrials,0.12125805,0.039540802,FALSE,FALSE,FALSE,0.081717248,Overweight,-0.644016571,121,0.223880597,2
SPLK,SPLUNK INC,Information Technology,0.081438692,0,TRUE,FALSE,TRUE,0.081438692,Overweight,-0.641821261,122,0.225746269,2
ETR,ENTERGY CORP,Utilities,0.148837922,0.067784722,FALSE,FALSE,FALSE,0.0810532,Overweight,-0.638783184,123,0.22761194,2
PPG,PPG INDUSTRIES INC,Materials,0.165956762,0.085932889,FALSE,FALSE,FALSE,0.080023874,Overweight,-0.630671024,124,0.229477612,2
BMY,BRISTOL MYERS SQUIBB,Health Care,0.582291842,0.503391539,FALSE,FALSE,FALSE,0.078900303,Overweight,-0.621816126,125,0.231343284,2
CMI,CUMMINS INC,Industrials,0.17386779,0.095110083,FALSE,FALSE,FALSE,0.078757707,Overweight,-0.620692322,126,0.233208955,2
SYF,SYNCHRONY FINANCIAL,Financials,0.123938851,0.045251851,FALSE,FALSE,FALSE,0.078687001,Overweight,-0.620135079,127,0.235074627,2
IEX,IDEX CORP,Industrials,0.126573478,0.049712099,FALSE,FALSE,FALSE,0.076861379,Overweight,-0.605747292,128,0.236940299,2
LVS,LAS VEGAS SANDS CORP,Consumer Discretionary,0.117928155,0.041079202,FALSE,FALSE,FALSE,0.076848954,Overweight,-0.605649365,129,0.23880597,2
HRL,HORMEL FOODS CORP,Consumer Staples,0.120316284,0.043820879,FALSE,FALSE,FALSE,0.076495406,Overweight,-0.602863042,130,0.240671642,2
PNR,PENTAIR,Industrials,0.097337591,0.021575859,FALSE,FALSE,FALSE,0.075761733,Overweight,-0.597080939,131,0.242537313,2
CAH,CARDINAL HEALTH INC,Health Care,0.135338047,0.059636631,FALSE,FALSE,FALSE,0.075701417,Overweight,-0.596605585,132,0.244402985,2
ABMD,ABIOMED INC,Health Care,0.112513423,0.037345444,FALSE,FALSE,FALSE,0.075167979,Overweight,-0.592401547,133,0.246268657,2
DOW,DOW INC,Materials,0.179804292,0.105123013,FALSE,FALSE,FALSE,0.074681279,Overweight,-0.588565846,134,0.248134328,2
APA,APA CORP,Energy,0.111861274,0.037199098,FALSE,FALSE,FALSE,0.074662177,Overweight,-0.588415297,135,0.25,2
BXP,BOSTON PROPERTIES REIT INC,Real Estate,0.109538746,0.035641883,FALSE,FALSE,FALSE,0.073896863,Overweight,-0.582383829,136,0.251865672,2
ALLE,ALLEGION PLC,Industrials,0.099645484,0.026047845,FALSE,FALSE,FALSE,0.073597639,Overweight,-0.580025639,137,0.253731343,2
BIIB,BIOGEN INC,Health Care,0.202570719,0.129102972,FALSE,FALSE,FALSE,0.073467747,Overweight,-0.579001952,138,0.255597015,2
EA,ELECTRONIC ARTS INC,Communication,0.175163269,0.101840818,FALSE,FALSE,FALSE,0.073322451,Overweight,-0.577856871,139,0.257462687,2
AIG,AMERICAN INTERNATIONAL GROUP INC,Financials,0.192618855,0.119328621,FALSE,FALSE,FALSE,0.073290234,Overweight,-0.577602966,140,0.259328358,2
AWK,AMERICAN WATER WORKS INC,Utilities,0.150006737,0.078193887,FALSE,FALSE,FALSE,0.071812849,Overweight,-0.565959647,141,0.26119403,2
FBHS,FORTUNE BRANDS HOME AND SECURITY I,Industrials,0.093926645,0.023216586,FALSE,FALSE,FALSE,0.070710059,Overweight,-0.557268518,142,0.263059701,2
OKTA,OKTA INC,Information Technology,0.069913722,0,TRUE,FALSE,TRUE,0.069913722,Overweight,-0.550992553,143,0.264925373,2
MDB,MONGODB INC,Information Technology,0.069671951,0,TRUE,FALSE,TRUE,0.069671951,Overweight,-0.549087146,144,0.266791045,2
MGM,MGM RESORTS INTERNATIONAL,Consumer Discretionary,0.101214123,0.03231047,FALSE,FALSE,FALSE,0.068903653,Overweight,-0.543032162,145,0.268656716,2
FIS,FIDELITY NATIONAL INFORMATION SERV,Information Technology,0.220889939,0.152666746,FALSE,FALSE,FALSE,0.068223192,Overweight,-0.537669431,146,0.270522388,2
PWR,QUANTA SERVICES INC,Industrials,0.127845146,0.060849448,FALSE,FALSE,FALSE,0.066995698,Overweight,-0.527995505,147,0.27238806,2
JPM,JPMORGAN CHASE & CO,Financials,1.082999253,1.016277571,FALSE,FALSE,FALSE,0.066721682,Overweight,-0.525835974,148,0.274253731,2
IPG,INTERPUBLIC GROUP OF COMPANIES INC,Communication,0.100363356,0.033737366,FALSE,FALSE,FALSE,0.066625991,Overweight,-0.525081827,149,0.276119403,2
PTC,PTC INC,Information Technology,0.103535768,0.037088054,FALSE,FALSE,FALSE,0.066447713,Overweight,-0.523676818,150,0.277985075,2
COP,CONOCOPHILLIPS,Energy,0.497734272,0.432047546,FALSE,FALSE,FALSE,0.065686726,Overweight,-0.517679446,151,0.279850746,2
MOS,MOSAIC,Materials,0.119762456,0.055600786,FALSE,FALSE,FALSE,0.06416167,Overweight,-0.505660428,152,0.281716418,2
CI,CIGNA CORP,Health Care,0.34475804,0.280754359,FALSE,FALSE,FALSE,0.064003681,Overweight,-0.504415313,153,0.28358209,2
TXT,TEXTRON INC,Industrials,0.104366616,0.040447607,FALSE,FALSE,FALSE,0.063919009,Overweight,-0.50374801,154,0.285447761,2
BF-B,BROWN FORMAN CORP,Consumer Staples,0.101937061,0.040006173,FALSE,FALSE,FALSE,0.061930888,Overweight,-0.488079555,155,0.287313433,2
URI,UNITED RENTALS INC,Industrials,0.124678093,0.062990967,FALSE,FALSE,FALSE,0.061687126,Overweight,-0.486158456,156,0.289179104,2
HOLX,HOLOGIC INC,Health Care,0.115252943,0.053789467,FALSE,FALSE,FALSE,0.061463476,Overweight,-0.484395864,157,0.291044776,2
NLOK,NORTONLIFELOCK INC,Information Technology,0.101190998,0.039732723,FALSE,FALSE,FALSE,0.061458276,Overweight,-0.484354878,158,0.292910448,2
NTRS,NORTHERN TRUST CORP,Financials,0.118673333,0.059227143,FALSE,FALSE,FALSE,0.05944619,Overweight,-0.468497558,159,0.294776119,2
CZR,CAESARS ENTERTAINMENT INC,Consumer Discretionary,0.081686216,0.022326311,FALSE,FALSE,FALSE,0.059359905,Overweight,-0.467817541,160,0.296641791,2
DLR,DIGITAL REALTY TRUST REIT INC,Real Estate,0.154150687,0.094980799,FALSE,FALSE,FALSE,0.059169888,Overweight,-0.466320015,161,0.298507463,2
POOL,POOL CORP,Consumer Discretionary,0.098942182,0.041781049,FALSE,FALSE,FALSE,0.057161133,Overweight,-0.45048894,162,0.300373134,2
DOV,DOVER CORP,Industrials,0.112180991,0.055204106,FALSE,FALSE,FALSE,0.056976884,Overweight,-0.449036872,163,0.302238806,2
ACN,ACCENTURE PLC,Information Technology,0.596195331,0.53973487,FALSE,FALSE,FALSE,0.056460461,Overweight,-0.444966924,164,0.304104478,2
BAC,BANK OF AMERICA CORP,Financials,0.756093498,0.700119598,FALSE,FALSE,FALSE,0.0559739,Overweight,-0.441132317,165,0.305970149,2
HON,HONEYWELL INTERNATIONAL INC,Industrials,0.428927317,0.373032282,FALSE,FALSE,FALSE,0.055895035,Overweight,-0.440510779,166,0.307835821,2
FDS,FACTSET RESEARCH SYSTEMS INC,Financials,0.106020212,0.050141183,FALSE,FALSE,FALSE,0.055879029,Overweight,-0.440384633,167,0.309701493,2
INTC,INTEL CORPORATION CORP,Information Technology,0.405993529,0.35089761,FALSE,FALSE,FALSE,0.055095919,Overweight,-0.434212917,168,0.311567164,2
PARA,PARAMOUNT GLOBAL,Communication,0.086947306,0.032036015,FALSE,FALSE,FALSE,0.054911291,Overweight,-0.432757857,169,0.313432836,2
ADSK,AUTODESK INC,Information Technology,0.187177916,0.134283897,FALSE,FALSE,FALSE,0.052894019,Overweight,-0.416859664,170,0.315298507,2
IRM,IRON MOUNTAIN INC,Real Estate,0.094763473,0.042834396,FALSE,FALSE,FALSE,0.051929077,Overweight,-0.409254924,171,0.317164179,2
AMGN,AMGEN INC,Health Care,0.451064258,0.399853642,FALSE,FALSE,FALSE,0.051210616,Overweight,-0.403592702,172,0.319029851,2
EQT,EQT CORP,Energy,0.101042256,0.049991299,FALSE,FALSE,FALSE,0.051050957,Overweight,-0.40233443,173,0.320895522,2
CRM,SALESFORCE INC,Information Technology,0.525555499,0.474623869,FALSE,FALSE,FALSE,0.05093163,Overweight,-0.401394009,174,0.322761194,2
NEM,NEWMONT,Materials,0.160656649,0.110305364,FALSE,FALSE,FALSE,0.050351285,Overweight,-0.39682029,175,0.324626866,2
SPGI,S&P GLOBAL INC,Financials,0.395257229,0.344997204,FALSE,FALSE,FALSE,0.050260025,Overweight,-0.396101061,176,0.326492537,2
PAYC,PAYCOM SOFTWARE INC,Information Technology,0.103523519,0.053595059,FALSE,FALSE,FALSE,0.04992846,Overweight,-0.393487989,177,0.328358209,2
CLX,CLOROX,Consumer Staples,0.102002848,0.052271502,FALSE,FALSE,FALSE,0.049731347,Overweight,-0.39193453,178,0.330223881,2
DXCM,DEXCOM INC,Health Care,0.153563813,0.104498793,FALSE,FALSE,FALSE,0.04906502,Overweight,-0.386683186,179,0.332089552,2
ZBRA,ZEBRA TECHNOLOGIES CORP,Information Technology,0.094360154,0.045449953,FALSE,FALSE,FALSE,0.048910201,Overweight,-0.385463052,180,0.333955224,2
ULTA,ULTA BEAUTY INC,Consumer Discretionary,0.117670847,0.069309937,FALSE,FALSE,FALSE,0.048360909,Overweight,-0.381134063,181,0.335820896,2
VRSN,VERISIGN INC,Information Technology,0.101972401,0.053613598,FALSE,FALSE,FALSE,0.048358804,Overweight,-0.381117469,182,0.337686567,2
NVDA,NVIDIA CORP,Information Technology,1.055580014,1.008015573,FALSE,FALSE,FALSE,0.047564441,Overweight,-0.374857069,183,0.339552239,2
MTD,METTLER TOLEDO INC,Health Care,0.12864594,0.081192876,FALSE,FALSE,FALSE,0.047453064,Overweight,-0.373979304,184,0.34141791,2
TSCO,TRACTOR SUPPLY,Consumer Discretionary,0.114934501,0.06826454,FALSE,FALSE,FALSE,0.046669961,Overweight,-0.367807639,185,0.343283582,2
SLB,SCHLUMBERGER NV,Energy,0.214234032,0.168839304,FALSE,FALSE,FALSE,0.045394728,Overweight,-0.357757484,186,0.345149254,2
INTU,INTUIT INC,Information Technology,0.40769234,0.362319461,FALSE,FALSE,FALSE,0.04537288,Overweight,-0.357585294,187,0.347014925,2
ELV,ELEVANCE HEALTH INC,Health Care,0.405950136,0.361537064,FALSE,FALSE,FALSE,0.044413072,Overweight,-0.350021019,188,0.348880597,2
SBAC,SBA COMMUNICATIONS REIT CORP CLASS,Real Estate,0.14548961,0.101877453,FALSE,FALSE,FALSE,0.043612156,Overweight,-0.34370897,189,0.350746269,2
GS,GOLDMAN SACHS GROUP INC,Financials,0.374422218,0.331739505,FALSE,FALSE,FALSE,0.042682714,Overweight,-0.336384001,190,0.35261194,2
WY,WEYERHAEUSER REIT,Real Estate,0.111858005,0.070072436,FALSE,FALSE,FALSE,0.041785569,Overweight,-0.329313571,191,0.354477612,2
LH,LABORATORY CORPORATION OF AMERICA,Health Care,0.103282938,0.061692193,FALSE,FALSE,FALSE,0.041590745,Overweight,-0.327778156,192,0.356343284,2
IR,INGERSOLL RAND INC,Industrials,0.098744864,0.057702426,FALSE,FALSE,FALSE,0.041042438,Overweight,-0.323456927,193,0.358208955,2
ALGN,ALIGN TECHNOLOGY INC,Health Care,0.0907855,0.05016328,FALSE,FALSE,FALSE,0.04062222,Overweight,-0.320145172,194,0.360074627,2
C,CITIGROUP INC,Financials,0.308022154,0.267602396,FALSE,FALSE,FALSE,0.040419758,Overweight,-0.318549567,195,0.361940299,2
CTLT,CATALENT INC,Health Care,0.081321912,0.042858596,FALSE,FALSE,FALSE,0.038463316,Overweight,-0.303130777,196,0.36380597,2
IFF,INTERNATIONAL FLAVORS & FRAGRANCES,Materials,0.115305353,0.076868025,FALSE,FALSE,FALSE,0.038437328,Overweight,-0.302925964,197,0.365671642,2
MSI,MOTOROLA SOLUTIONS INC,Information Technology,0.161811773,0.123932121,FALSE,FALSE,FALSE,0.037879652,Overweight,-0.298530899,198,0.367537313,2
MLM,MARTIN MARIETTA MATERIALS INC,Materials,0.104327655,0.066528841,FALSE,FALSE,FALSE,0.037798814,Overweight,-0.297893811,199,0.369402985,2
AAPL,APPLE INC,Information Technology,6.960778392,6.923401528,FALSE,FALSE,FALSE,0.037376864,Overweight,-0.294568411,200,0.371268657,2
MPC,MARATHON PETROLEUM CORP,Energy,0.200607756,0.163944818,FALSE,FALSE,FALSE,0.036662938,Overweight,-0.28894193,201,0.373134328,2
RSG,REPUBLIC SERVICES INC,Industrials,0.126217294,0.093086971,FALSE,FALSE,FALSE,0.033130322,Overweight,-0.261101261,202,0.375,2
ARE,ALEXANDRIA REAL ESTATE EQUITIES RE,Real Estate,0.101633321,0.06887028,FALSE,FALSE,FALSE,0.032763041,Overweight,-0.2582067,203,0.376865672,2
IBM,INTERNATIONAL BUSINESS MACHINES CO,Information Technology,0.387661215,0.355857647,FALSE,FALSE,FALSE,0.031803568,Overweight,-0.25064506,204,0.378731343,2
VLO,VALERO ENERGY CORP,Energy,0.170887337,0.139221494,FALSE,FALSE,FALSE,0.031665843,Overweight,-0.249559644,205,0.380597015,2
ILMN,ILLUMINA INC,Health Care,0.131325723,0.099676351,FALSE,FALSE,FALSE,0.031649372,Overweight,-0.249429837,206,0.382462687,2
WBD,WARNER BROS. DISCOVERY INC SERIES,Communication,0.11501608,0.08472005,FALSE,FALSE,FALSE,0.030296031,Overweight,-0.238764107,207,0.384328358,2
HPQ,HP INC,Information Technology,0.104689146,0.075564589,FALSE,FALSE,FALSE,0.029124557,Overweight,-0.229531678,208,0.38619403,2
BKR,BAKER HUGHES,Energy,0.098605547,0.070660376,FALSE,FALSE,FALSE,0.027945171,Overweight,-0.220236893,209,0.388059701,2
TFC,TRUIST FINANCIAL CORP,Financials,0.218754267,0.191419953,FALSE,FALSE,FALSE,0.027334314,Overweight,-0.215422709,210,0.389925373,2
PLD,PROLOGIS REIT INC,Real Estate,0.275873721,0.249455928,FALSE,FALSE,FALSE,0.026417793,Overweight,-0.208199579,211,0.391791045,2
STT,STATE STREET CORP,Financials,0.099535327,0.074034773,FALSE,FALSE,FALSE,0.025500554,Overweight,-0.200970782,212,0.393656716,2
EBAY,EBAY INC,Consumer Discretionary,0.092493454,0.067059837,FALSE,FALSE,FALSE,0.025433618,Overweight,-0.200443255,213,0.395522388,2
HAL,HALLIBURTON,Energy,0.099078072,0.073695344,FALSE,FALSE,FALSE,0.025382728,Overweight,-0.200042191,214,0.39738806,2
SIVB,SVB FINANCIAL GROUP,Financials,0.091215689,0.065907156,FALSE,FALSE,FALSE,0.025308533,Overweight,-0.199457462,215,0.399253731,2
ODFL,OLD DOMINION FREIGHT LINE INC,Industrials,0.099059276,0.075547253,FALSE,FALSE,FALSE,0.023512023,Overweight,-0.185299097,216,0.401119403,2
CPRT,COPART INC,Industrials,0.098133638,0.075701452,FALSE,FALSE,FALSE,0.022432186,Overweight,-0.176788867,217,0.402985075,3
WBA,WALGREEN BOOTS ALLIANCE INC,Consumer Staples,0.097169049,0.074880386,FALSE,FALSE,FALSE,0.022288663,Overweight,-0.175657752,218,0.404850746,3
ON,ON SEMICONDUCTOR CORP,Information Technology,0.111501598,0.089441385,FALSE,FALSE,FALSE,0.022060213,Overweight,-0.173857328,219,0.406716418,3
OXY,OCCIDENTAL PETROLEUM CORP,Energy,0.171321707,0.151539433,FALSE,FALSE,FALSE,0.019782274,Overweight,-0.155904814,220,0.40858209,3
HCA,HCA HEALTHCARE INC,Health Care,0.147507364,0.130838448,FALSE,FALSE,FALSE,0.016668916,Overweight,-0.131368328,221,0.410447761,3
HUM,HUMANA INC,Health Care,0.219323517,0.204120385,FALSE,FALSE,FALSE,0.015203132,Overweight,-0.119816431,222,0.412313433,3
DD,DUPONT DE NEMOURS INC,Materials,0.098561615,0.084118763,FALSE,FALSE,FALSE,0.014442851,Overweight,-0.113824631,223,0.414179104,3
BAX,BAXTER INTERNATIONAL INC,Health Care,0.10400864,0.089701435,FALSE,FALSE,FALSE,0.014307206,Overweight,-0.112755602,224,0.416044776,3
DIS,WALT DISNEY,Communication,0.582668295,0.570292589,FALSE,FALSE,FALSE,0.012375706,Overweight,-0.097533385,225,0.417910448,3
SNPS,SYNOPSYS INC,Information Technology,0.167447263,0.155119094,FALSE,FALSE,FALSE,0.012328169,Overweight,-0.097158745,226,0.419776119,3
FAST,FASTENAL,Industrials,0.098635889,0.087320455,FALSE,FALSE,FALSE,0.011315434,Overweight,-0.089177344,227,0.421641791,3
ANET,ARISTA NETWORKS INC,Information Technology,0.102707352,0.092709112,FALSE,FALSE,FALSE,0.00999824,Overweight,-0.078796488,228,0.423507463,3
ICE,INTERCONTINENTAL EXCHANGE INC,Financials,0.174716634,0.167430355,FALSE,FALSE,FALSE,0.00728628,Overweight,-0.057423431,229,0.425373134,3
VRTX,VERTEX PHARMACEUTICALS INC,Health Care,0.249677483,0.246246491,FALSE,FALSE,FALSE,0.003430992,Overweight,-0.027039771,230,0.427238806,3
CSCO,CISCO SYSTEMS INC,Information Technology,0.552482007,0.549299232,FALSE,FALSE,FALSE,0.003182775,Overweight,-0.025083561,231,0.429104478,3
ALL,ALLSTATE CORP,Financials,0.113123173,0.111135876,FALSE,FALSE,FALSE,0.001987297,Overweight,-0.015661961,232,0.430970149,3
DLTR,DOLLAR TREE INC,Consumer Discretionary,0.095999942,0.095723893,FALSE,FALSE,FALSE,2.76E-04,Overweight,-0.002175555,233,0.432835821,3
NUE,NUCOR CORP,Materials,0.092801004,0.092881686,FALSE,FALSE,FALSE,-8.07E-05,Underweight,6.36E-04,234,0.434701493,3
UPS,UNITED PARCEL SERVICE INC,Industrials,0.3899719,0.392061879,FALSE,FALSE,FALSE,-0.002089979,Underweight,0.016471203,235,0.436567164,3
KMI,KINDER MORGAN INC,Energy,0.105134636,0.108919906,FALSE,FALSE,FALSE,-0.003785271,Underweight,0.029831854,236,0.438432836,3
CAT,CATERPILLAR INC,Industrials,0.281499199,0.28725295,FALSE,FALSE,FALSE,-0.005753752,Underweight,0.045345523,237,0.440298507,3
DE,DEERE,Industrials,0.301268031,0.307959894,FALSE,FALSE,FALSE,-0.006691863,Underweight,0.052738814,238,0.442164179,3
ROP,ROPER TECHNOLOGIES INC,Information Technology,0.119080574,0.126062057,FALSE,FALSE,FALSE,-0.006981483,Underweight,0.055021316,239,0.444029851,3
ENPH,ENPHASE ENERGY INC,Information Technology,0.115692159,0.124469067,FALSE,FALSE,FALSE,-0.008776908,Underweight,0.069171129,240,0.445895522,3
MU,MICRON TECHNOLOGY INC,Information Technology,0.172283702,0.183095547,FALSE,FALSE,FALSE,-0.010811845,Underweight,0.085208541,241,0.447761194,3
DISH,DISH NETWORK CORP,Communication,0,0.011252177,FALSE,TRUE,TRUE,-0.011252177,Underweight,0.088678808,242,0.449626866,3
ISRG,INTUITIVE SURGICAL INC,Health Care,0.210518458,0.221976855,FALSE,FALSE,FALSE,-0.011458397,Underweight,0.090304035,243,0.451492537,3
RL,RALPH LAUREN CORP,Consumer Discretionary,0,0.011988971,FALSE,TRUE,TRUE,-0.011988971,Underweight,0.094485513,244,0.453358209,3
VNO,VORNADO REALTY TRUST REIT,Real Estate,0,0.012679407,FALSE,TRUE,TRUE,-0.012679407,Underweight,0.099926864,245,0.455223881,3
MHK,MOHAWK INDUSTRIES INC,Consumer Discretionary,0,0.015530818,FALSE,TRUE,TRUE,-0.015530818,Underweight,0.122398937,246,0.457089552,3
NCLH,NORWEGIAN CRUISE LINE HOLDINGS LTD,Consumer Discretionary,0,0.015661753,FALSE,TRUE,TRUE,-0.015661753,Underweight,0.12343084,247,0.458955224,3
MRK,MERCK & CO INC,Health Care,0.707664083,0.723493508,FALSE,FALSE,FALSE,-0.015829425,Underweight,0.124752268,248,0.460820896,3
ALK,ALASKA AIR GROUP INC,Industrials,0,0.016955433,FALSE,TRUE,TRUE,-0.016955433,Underweight,0.133626375,249,0.462686567,3
NWL,NEWELL BRANDS INC,Consumer Discretionary,0,0.017419499,FALSE,TRUE,TRUE,-0.017419499,Underweight,0.137283698,250,0.464552239,3
BKNG,BOOKING HOLDINGS INC,Consumer Discretionary,0.198896145,0.216379269,FALSE,FALSE,FALSE,-0.017483124,Underweight,0.13778513,251,0.46641791,3
DXC,DXC TECHNOLOGY,Information Technology,0,0.018750571,FALSE,TRUE,TRUE,-0.018750571,Underweight,0.147773922,252,0.468283582,3
PSX,PHILLIPS 66,Energy,0.109460669,0.12845172,FALSE,FALSE,FALSE,-0.018991051,Underweight,0.149669155,253,0.470149254,3
OGN,ORGANON,Health Care,0,0.019564517,FALSE,TRUE,TRUE,-0.019564517,Underweight,0.154188661,254,0.472014925,3
XRAY,DENTSPLY SIRONA INC,Health Care,0,0.019568372,FALSE,TRUE,TRUE,-0.019568372,Underweight,0.154219043,255,0.473880597,3
UHS,UNIVERSAL HEALTH SERVICES INC CLAS,Health Care,0,0.019582632,FALSE,TRUE,TRUE,-0.019582632,Underweight,0.154331426,256,0.475746269,3
BEN,FRANKLIN RESOURCES INC,Financials,0,0.019998139,FALSE,TRUE,TRUE,-0.019998139,Underweight,0.157606055,257,0.47761194,3
AMD,ADVANCED MICRO DEVICES INC,Information Technology,0.318947489,0.339197686,FALSE,FALSE,FALSE,-0.020250198,Underweight,0.159592535,258,0.479477612,3
QCOM,QUALCOMM INC,Information Technology,0.400362486,0.420754405,FALSE,FALSE,FALSE,-0.020391919,Underweight,0.160709447,259,0.481343284,3
TEL,TE CONNECTIVITY LTD,Information Technology,0.096781809,0.117394021,FALSE,FALSE,FALSE,-0.020612212,Underweight,0.16244558,260,0.483208955,3
AOS,A O SMITH CORP,Industrials,0,0.020691569,FALSE,TRUE,TRUE,-0.020691569,Underweight,0.163071001,261,0.485074627,3
IVZ,INVESCO LTD,Financials,0,0.020765775,FALSE,TRUE,TRUE,-0.020765775,Underweight,0.163655817,262,0.486940299,3
SEE,SEALED AIR CORP,Materials,0,0.020862266,FALSE,TRUE,TRUE,-0.020862266,Underweight,0.164416271,263,0.48880597,3
FRT,FEDERAL REALTY INVESTMENT TRUST RE,Real Estate,0,0.021260113,FALSE,TRUE,TRUE,-0.021260113,Underweight,0.167551717,264,0.490671642,3
WYNN,WYNN RESORTS LTD,Consumer Discretionary,0,0.021283966,FALSE,TRUE,TRUE,-0.021283966,Underweight,0.167739702,265,0.492537313,3
V,VISA INC,Information Technology,0.941515521,0.96323797,FALSE,FALSE,FALSE,-0.021722449,Underweight,0.171195404,266,0.494402985,3
CCL,CARNIVAL CORP,Consumer Discretionary,0,0.022733652,FALSE,TRUE,TRUE,-0.022733652,Underweight,0.179164727,267,0.496268657,3
LNC,LINCOLN NATIONAL CORP,Financials,0,0.022775076,FALSE,TRUE,TRUE,-0.022775076,Underweight,0.179491195,268,0.498134328,3
LUMN,LUMEN TECHNOLOGIES INC,Communication,0,0.022798089,FALSE,TRUE,TRUE,-0.022798089,Underweight,0.179672559,269,0.5,3
SYY,SYSCO CORP,Consumer Staples,0.096484134,0.119328747,FALSE,FALSE,FALSE,-0.022844613,Underweight,0.180039214,270,0.501865672,3
FCX,FREEPORT MCMORAN INC,Materials,0.106155253,0.129210815,FALSE,FALSE,FALSE,-0.023055562,Underweight,0.181701715,271,0.503731343,3
TPR,TAPESTRY INC,Consumer Discretionary,0,0.023160639,FALSE,TRUE,TRUE,-0.023160639,Underweight,0.182529831,272,0.505597015,3
FISV,FISERV INC,Information Technology,0.17481729,0.198412653,FALSE,FALSE,FALSE,-0.023595364,Underweight,0.185955908,273,0.507462687,3
MA,MASTERCARD INC,Information Technology,0.78090223,0.80454081,FALSE,FALSE,FALSE,-0.02363858,Underweight,0.186296496,274,0.509328358,3
PNW,PINNACLE WEST CORP,Utilities,0,0.024176607,FALSE,TRUE,TRUE,-0.024176607,Underweight,0.190536711,275,0.51119403,3
DVN,DEVON ENERGY CORP,Energy,0.106895334,0.131192784,FALSE,FALSE,FALSE,-0.02429745,Underweight,0.191489075,276,0.513059701,3
NWSA,NEWS CORP,Communication,0,0.024464898,FALSE,TRUE,TRUE,-0.024464898,Underweight,0.192808737,277,0.514925373,3
PFE,PFIZER INC,Health Care,0.78981873,0.814459382,FALSE,FALSE,FALSE,-0.024640651,Underweight,0.194193859,278,0.516791045,3
ZION,ZIONS BANCORPORATION,Financials,0,0.024707865,FALSE,TRUE,TRUE,-0.024707865,Underweight,0.194723574,279,0.518656716,3
BBWI,BATH AND BODY WORKS INC,Consumer Discretionary,0,0.024798692,FALSE,TRUE,TRUE,-0.024798692,Underweight,0.195439385,280,0.520522388,3
WHR,WHIRLPOOL CORP,Consumer Discretionary,0,0.024824472,FALSE,TRUE,TRUE,-0.024824472,Underweight,0.195642554,281,0.52238806,3
MAR,MARRIOTT INTERNATIONAL INC,Consumer Discretionary,0.102707584,0.127766338,FALSE,FALSE,FALSE,-0.025058754,Underweight,0.197488941,282,0.524253731,3
BWA,BORGWARNER INC,Consumer Discretionary,0,0.025075384,FALSE,TRUE,TRUE,-0.025075384,Underweight,0.197619999,283,0.526119403,3
AAL,AMERICAN AIRLINES GROUP INC,Industrials,0,0.025544143,FALSE,TRUE,TRUE,-0.025544143,Underweight,0.201314306,284,0.527985075,3
DHR,DANAHER CORP,Health Care,0.535162531,0.560786153,FALSE,FALSE,FALSE,-0.025623622,Underweight,0.201940685,285,0.529850746,3
COST,COSTCO WHOLESALE CORP,Consumer Staples,0.66809135,0.693754119,FALSE,FALSE,FALSE,-0.025662769,Underweight,0.202249202,286,0.531716418,3
WRK,WESTROCK,Materials,0,0.025855731,FALSE,TRUE,TRUE,-0.025855731,Underweight,0.203769942,287,0.53358209,3
CTVA,CORTEVA INC,Materials,0.11021862,0.136190407,FALSE,FALSE,FALSE,-0.025971787,Underweight,0.204684587,288,0.535447761,3
PYPL,PAYPAL HOLDINGS INC,Information Technology,0.304096133,0.330092803,FALSE,FALSE,FALSE,-0.02599667,Underweight,0.204880693,289,0.537313433,3
AIZ,ASSURANT INC,Financials,0,0.026023074,FALSE,TRUE,TRUE,-0.026023074,Underweight,0.205088778,290,0.539179104,3
ROL,ROLLINS INC,Industrials,0,0.026353002,FALSE,TRUE,TRUE,-0.026353002,Underweight,0.207688955,291,0.541044776,3
QRVO,QORVO INC,Information Technology,0,0.027307952,FALSE,TRUE,TRUE,-0.027307952,Underweight,0.215214953,292,0.542910448,3
MKTX,MARKETAXESS HOLDINGS INC,Financials,0,0.027421937,FALSE,TRUE,TRUE,-0.027421937,Underweight,0.216113273,293,0.544776119,3
RCL,ROYAL CARIBBEAN GROUP LTD,Consumer Discretionary,0,0.02770056,FALSE,TRUE,TRUE,-0.02770056,Underweight,0.218309111,294,0.546641791,3
REG,REGENCY CENTERS REIT CORP,Real Estate,0,0.028120199,FALSE,TRUE,TRUE,-0.028120199,Underweight,0.221616301,295,0.548507463,3
FFIV,F5 INC,Information Technology,0,0.02823204,FALSE,TRUE,TRUE,-0.02823204,Underweight,0.222497724,296,0.550373134,3
JNPR,JUNIPER NETWORKS INC,Information Technology,0,0.028374249,FALSE,TRUE,TRUE,-0.028374249,Underweight,0.223618478,297,0.552238806,3
CDAY,CERIDIAN HCM HOLDING INC,Information Technology,0,0.028497995,FALSE,TRUE,TRUE,-0.028497995,Underweight,0.224593719,298,0.554104478,3
CME,CME GROUP INC,Financials,0.18277507,0.211580194,FALSE,FALSE,FALSE,-0.028805124,Underweight,0.227014219,299,0.555970149,3
PHM,PULTEGROUP INC,Consumer Discretionary,0,0.029054576,FALSE,TRUE,TRUE,-0.029054576,Underweight,0.228980156,300,0.557835821,3
EMN,EASTMAN CHEMICAL,Materials,0,0.029073583,FALSE,TRUE,TRUE,-0.029073583,Underweight,0.229129956,301,0.559701493,3
GL,GLOBE LIFE INC,Financials,0,0.029268187,FALSE,TRUE,TRUE,-0.029268187,Underweight,0.230663637,302,0.561567164,3
BIO,BIO RAD LABORATORIES INC,Health Care,0,0.029853043,FALSE,TRUE,TRUE,-0.029853043,Underweight,0.235272908,303,0.563432836,3
CE,CELANESE CORP,Materials,0,0.030006335,FALSE,TRUE,TRUE,-0.030006335,Underweight,0.236481004,304,0.565298507,3
HSIC,HENRY SCHEIN INC,Health Care,0,0.030036563,FALSE,TRUE,TRUE,-0.030036563,Underweight,0.236719231,305,0.567164179,3
NRG,NRG ENERGY INC,Utilities,0,0.030234726,FALSE,TRUE,TRUE,-0.030234726,Underweight,0.238280963,306,0.569029851,3
CMA,COMERICA INC,Financials,0,0.030615219,FALSE,TRUE,TRUE,-0.030615219,Underweight,0.241279642,307,0.570895522,3
AAP,ADVANCE AUTO PARTS INC,Consumer Discretionary,0,0.031383185,FALSE,TRUE,TRUE,-0.031383185,Underweight,0.247332005,308,0.572761194,3
TFX,TELEFLEX INC,Health Care,0,0.031570433,FALSE,TRUE,TRUE,-0.031570433,Underweight,0.248807714,309,0.574626866,3
CPB,CAMPBELL SOUP,Consumer Staples,0,0.031684357,FALSE,TRUE,TRUE,-0.031684357,Underweight,0.249705553,310,0.576492537,3
SBNY,SIGNATURE BANK,Financials,0,0.032050294,FALSE,TRUE,TRUE,-0.032050294,Underweight,0.252589517,311,0.578358209,3
CHTR,CHARTER COMMUNICATIONS INC,Communication,0.078947799,0.11109623,FALSE,FALSE,FALSE,-0.032148431,Underweight,0.253362938,312,0.580223881,3
NLSN,NIELSEN HOLDINGS PLC,Industrials,0,0.033021987,FALSE,TRUE,TRUE,-0.033021987,Underweight,0.260247463,313,0.582089552,3
CRL,CHARLES RIVER LABORATORIES INTERNA,Health Care,0,0.03307188,FALSE,TRUE,TRUE,-0.03307188,Underweight,0.260640676,314,0.583955224,3
MRNA,MODERNA INC,Health Care,0.098452993,0.131559739,FALSE,FALSE,FALSE,-0.033106746,Underweight,0.260915456,315,0.585820896,3
L,LOEWS CORP,Financials,0,0.033211113,FALSE,TRUE,TRUE,-0.033211113,Underweight,0.261737977,316,0.587686567,3
NI,NISOURCE INC,Utilities,0,0.033808888,FALSE,TRUE,TRUE,-0.033808888,Underweight,0.266449061,317,0.589552239,3
RE,EVEREST RE GROUP LTD,Financials,0,0.033966945,FALSE,TRUE,TRUE,-0.033966945,Underweight,0.267694714,318,0.59141791,3
STX,SEAGATE TECHNOLOGY HOLDINGS PLC,Information Technology,0,0.03415646,FALSE,TRUE,TRUE,-0.03415646,Underweight,0.269188288,319,0.593283582,3
WDC,WESTERN DIGITAL CORP,Information Technology,0,0.034276099,FALSE,TRUE,TRUE,-0.034276099,Underweight,0.27013117,320,0.595149254,3
VTRS,VIATRIS INC,Health Care,0,0.034391728,FALSE,TRUE,TRUE,-0.034391728,Underweight,0.271042448,321,0.597014925,3
KMX,CARMAX INC,Consumer Discretionary,0,0.034750429,FALSE,TRUE,TRUE,-0.034750429,Underweight,0.273869384,322,0.598880597,3
SNA,SNAP ON INC,Industrials,0,0.034825749,FALSE,TRUE,TRUE,-0.034825749,Underweight,0.274462976,323,0.600746269,3
MAS,MASCO CORP,Industrials,0,0.03491606,FALSE,TRUE,TRUE,-0.03491606,Underweight,0.275174722,324,0.60261194,4
PKG,PACKAGING CORP OF AMERICA,Materials,0,0.034977953,FALSE,TRUE,TRUE,-0.034977953,Underweight,0.275662508,325,0.604477612,4
UAL,UNITED AIRLINES HOLDINGS INC,Industrials,0,0.035601471,FALSE,TRUE,TRUE,-0.035601471,Underweight,0.280576475,326,0.606343284,4
LYV,LIVE NATION ENTERTAINMENT INC,Communication,0,0.035999093,FALSE,TRUE,TRUE,-0.035999093,Underweight,0.283710143,327,0.608208955,4
MCK,MCKESSON CORP,Health Care,0.125497834,0.161738039,FALSE,FALSE,FALSE,-0.036240205,Underweight,0.285610359,328,0.610074627,4
NSC,NORFOLK SOUTHERN CORP,Industrials,0.126787879,0.163093519,FALSE,FALSE,FALSE,-0.03630564,Underweight,0.286126052,329,0.611940299,4
SWK,STANLEY BLACK & DECKER INC,Industrials,0,0.036581557,FALSE,TRUE,TRUE,-0.036581557,Underweight,0.288300564,330,0.61380597,4
LW,LAMB WESTON HOLDINGS INC,Consumer Staples,0,0.036641333,FALSE,TRUE,TRUE,-0.036641333,Underweight,0.288771664,331,0.615671642,4
DPZ,DOMINOS PIZZA INC,Consumer Discretionary,0,0.036979485,FALSE,TRUE,TRUE,-0.036979485,Underweight,0.291436648,332,0.617537313,4
TECH,BIO TECHNE CORP,Health Care,0,0.037154473,FALSE,TRUE,TRUE,-0.037154473,Underweight,0.292815739,333,0.619402985,4
KIM,KIMCO REALTY REIT CORP,Real Estate,0,0.037373498,FALSE,TRUE,TRUE,-0.037373498,Underweight,0.294541879,334,0.621268657,4
HST,HOST HOTELS & RESORTS REIT INC,Real Estate,0,0.037498419,FALSE,TRUE,TRUE,-0.037498419,Underweight,0.295526386,335,0.623134328,4
GNRC,GENERAC HOLDINGS INC,Industrials,0,0.037728433,FALSE,TRUE,TRUE,-0.037728433,Underweight,0.297339138,336,0.625,4
NDSN,NORDSON CORP,Industrials,0,0.037790097,FALSE,TRUE,TRUE,-0.037790097,Underweight,0.297825115,337,0.626865672,4
IP,INTERNATIONAL PAPER,Materials,0,0.037880139,FALSE,TRUE,TRUE,-0.037880139,Underweight,0.298534736,338,0.628731343,4
NKE,NIKE INC,Consumer Discretionary,0.310386489,0.348322652,FALSE,FALSE,FALSE,-0.037936163,Underweight,0.298976267,339,0.630597015,4
HWM,HOWMET AEROSPACE INC,Industrials,0,0.038102279,FALSE,TRUE,TRUE,-0.038102279,Underweight,0.300285431,340,0.632462687,4
TER,TERADYNE INC,Information Technology,0,0.03883585,FALSE,TRUE,TRUE,-0.03883585,Underweight,0.306066732,341,0.634328358,4
INCY,INCYTE CORP,Health Care,0,0.04069955,FALSE,TRUE,TRUE,-0.04069955,Underweight,0.320754618,342,0.63619403,4
NVR,NVR INC,Consumer Discretionary,0,0.040824617,FALSE,TRUE,TRUE,-0.040824617,Underweight,0.32174027,343,0.638059701,4
GRMN,GARMIN LTD,Consumer Discretionary,0,0.04112083,FALSE,TRUE,TRUE,-0.04112083,Underweight,0.324074735,344,0.639925373,4
TJX,TJX INC,Consumer Discretionary,0.200011783,0.241363634,FALSE,FALSE,FALSE,-0.041351851,Underweight,0.32589542,345,0.641791045,4
FDX,FEDEX CORP,Industrials,0.075779139,0.117253954,FALSE,FALSE,FALSE,-0.041474814,Underweight,0.3268645,346,0.643656716,4
ETSY,ETSY INC,Consumer Discretionary,0,0.041573348,FALSE,TRUE,TRUE,-0.041573348,Underweight,0.327641048,347,0.645522388,4
CBOE,CBOE GLOBAL MARKETS INC,Financials,0,0.041746908,FALSE,TRUE,TRUE,-0.041746908,Underweight,0.329008882,348,0.64738806,4
CPT,CAMDEN PROPERTY TRUST REIT,Real Estate,0,0.04208252,FALSE,TRUE,TRUE,-0.04208252,Underweight,0.331653855,349,0.649253731,4
AKAM,AKAMAI TECHNOLOGIES INC,Information Technology,0,0.042222952,FALSE,TRUE,TRUE,-0.042222952,Underweight,0.332760604,350,0.651119403,4
SEDG,SOLAREDGE TECHNOLOGIES INC,Information Technology,0,0.042402288,FALSE,TRUE,TRUE,-0.042402288,Underweight,0.334173954,351,0.652985075,4
UDR,UDR REIT INC,Real Estate,0,0.042447873,FALSE,TRUE,TRUE,-0.042447873,Underweight,0.334533216,352,0.654850746,4
OMC,OMNICOM GROUP INC,Communication,0,0.04257625,FALSE,TRUE,TRUE,-0.04257625,Underweight,0.335544953,353,0.656716418,4
CTXS,CITRIX SYSTEMS INC,Information Technology,0,0.042725469,FALSE,TRUE,TRUE,-0.042725469,Underweight,0.336720954,354,0.65858209,4
COO,COOPER INC,Health Care,0,0.043335339,FALSE,TRUE,TRUE,-0.043335339,Underweight,0.341527365,355,0.660447761,4
JBHT,JB HUNT TRANSPORT SERVICES INC,Industrials,0,0.043431091,FALSE,TRUE,TRUE,-0.043431091,Underweight,0.342281989,356,0.662313433,4
AVY,AVERY DENNISON CORP,Materials,0,0.043757883,FALSE,TRUE,TRUE,-0.043757883,Underweight,0.344857451,357,0.664179104,4
LIN,LINDE PLC,Materials,0.40175121,0.445554275,FALSE,FALSE,FALSE,-0.043803065,Underweight,0.345213527,358,0.666044776,4
WRB,WR BERKLEY CORP,Financials,0,0.043953377,FALSE,TRUE,TRUE,-0.043953377,Underweight,0.346398144,359,0.667910448,4
FMC,FMC CORP,Materials,0,0.044005245,FALSE,TRUE,TRUE,-0.044005245,Underweight,0.346806917,360,0.669776119,4
FLT,FLEETCOR TECHNOLOGIES INC,Information Technology,0,0.044033634,FALSE,TRUE,TRUE,-0.044033634,Underweight,0.347030651,361,0.671641791,4
FOXA,FOX CORP,Communication,0,0.044233919,FALSE,TRUE,TRUE,-0.044233919,Underweight,0.348609104,362,0.673507463,4
JKHY,JACK HENRY AND ASSOCIATES INC,Information Technology,0,0.044291408,FALSE,TRUE,TRUE,-0.044291408,Underweight,0.349062181,363,0.675373134,4
LNT,ALLIANT ENERGY CORP,Utilities,0,0.044613478,FALSE,TRUE,TRUE,-0.044613478,Underweight,0.35160042,364,0.677238806,4
EVRG,EVERGY INC,Utilities,0,0.045051608,FALSE,TRUE,TRUE,-0.045051608,Underweight,0.355053342,365,0.679104478,4
NTAP,NETAPP INC,Information Technology,0,0.045068367,FALSE,TRUE,TRUE,-0.045068367,Underweight,0.355185416,366,0.680970149,4
SWKS,SKYWORKS SOLUTIONS INC,Information Technology,0,0.045171166,FALSE,TRUE,TRUE,-0.045171166,Underweight,0.355995581,367,0.682835821,4
MTCH,MATCH GROUP INC,Communication,0,0.045191773,FALSE,TRUE,TRUE,-0.045191773,Underweight,0.356157986,368,0.684701493,4
J,JACOBS SOLUTIONS INC,Industrials,0,0.045733849,FALSE,TRUE,TRUE,-0.045733849,Underweight,0.360430106,369,0.686567164,4
BRO,BROWN & BROWN INC,Financials,0,0.046540119,FALSE,TRUE,TRUE,-0.046540119,Underweight,0.366784347,370,0.688432836,4
ATO,ATMOS ENERGY CORP,Utilities,0,0.046828074,FALSE,TRUE,TRUE,-0.046828074,Underweight,0.369053734,371,0.690298507,4
CINF,CINCINNATI FINANCIAL CORP,Financials,0,0.047512962,FALSE,TRUE,TRUE,-0.047512962,Underweight,0.374451363,372,0.692164179,4
EXPE,EXPEDIA GROUP INC,Consumer Discretionary,0,0.047530907,FALSE,TRUE,TRUE,-0.047530907,Underweight,0.374592782,373,0.694029851,4
TYL,TYLER TECHNOLOGIES INC,Information Technology,0,0.048036394,FALSE,TRUE,TRUE,-0.048036394,Underweight,0.378576545,374,0.695895522,4
SJM,JM SMUCKER,Consumer Staples,0,0.04855364,FALSE,TRUE,TRUE,-0.04855364,Underweight,0.382652979,375,0.697761194,4
WAB,WESTINGHOUSE AIR BRAKE TECHNOLOGIE,Industrials,0,0.049147589,FALSE,TRUE,TRUE,-0.049147589,Underweight,0.387333913,376,0.699626866,4
KEY,KEYCORP,Financials,0,0.050015492,FALSE,TRUE,TRUE,-0.050015492,Underweight,0.394173891,377,0.701492537,4
AES,AES CORP,Utilities,0,0.050138553,FALSE,TRUE,TRUE,-0.050138553,Underweight,0.395143738,378,0.703358209,4
PKI,PERKINELMER INC,Health Care,0,0.050720229,FALSE,TRUE,TRUE,-0.050720229,Underweight,0.399727951,379,0.705223881,4
MRO,MARATHON OIL CORP,Energy,0,0.050979466,FALSE,TRUE,TRUE,-0.050979466,Underweight,0.401771003,380,0.707089552,4
DRI,DARDEN RESTAURANTS INC,Consumer Discretionary,0,0.051843148,FALSE,TRUE,TRUE,-0.051843148,Underweight,0.408577713,381,0.708955224,4
ESS,ESSEX PROPERTY TRUST REIT INC,Real Estate,0,0.05206496,FALSE,TRUE,TRUE,-0.05206496,Underweight,0.410325821,382,0.710820896,4
CAG,CONAGRA BRANDS INC,Consumer Staples,0,0.052109562,FALSE,TRUE,TRUE,-0.052109562,Underweight,0.410677327,383,0.712686567,4
CNC,CENTENE CORP,Health Care,0.094974766,0.147157658,FALSE,FALSE,FALSE,-0.052182893,Underweight,0.411255251,384,0.714552239,4
CVS,CVS HEALTH CORP,Health Care,0.3626006,0.415209216,FALSE,FALSE,FALSE,-0.052608616,Underweight,0.41461039,385,0.71641791,4
TDY,TELEDYNE TECHNOLOGIES INC,Information Technology,0,0.052609426,FALSE,TRUE,TRUE,-0.052609426,Underweight,0.414616775,386,0.718283582,4
MPWR,MONOLITHIC POWER SYSTEMS INC,Information Technology,0,0.053019629,FALSE,TRUE,TRUE,-0.053019629,Underweight,0.417849603,387,0.720149254,4
PFG,PRINCIPAL FINANCIAL GROUP INC,Financials,0,0.055079863,FALSE,TRUE,TRUE,-0.055079863,Underweight,0.434086379,388,0.722014925,4
CMS,CMS ENERGY CORP,Utilities,0,0.055564587,FALSE,TRUE,TRUE,-0.055564587,Underweight,0.43790651,389,0.723880597,4
LLY,ELI LILLY,Health Care,0.789996735,0.845674469,FALSE,FALSE,FALSE,-0.055677734,Underweight,0.438798221,390,0.725746269,4
BR,BROADRIDGE FINANCIAL SOLUTIONS INC,Information Technology,0,0.055848062,FALSE,TRUE,TRUE,-0.055848062,Underweight,0.44014058,391,0.72761194,4
CFG,CITIZENS FINANCIAL GROUP INC,Financials,0,0.056100962,FALSE,TRUE,TRUE,-0.056100962,Underweight,0.442133696,392,0.729477612,4
TTWO,TAKE TWO INTERACTIVE SOFTWARE INC,Communication,0,0.056636583,FALSE,TRUE,TRUE,-0.056636583,Underweight,0.446354944,393,0.731343284,4
CHD,CHURCH AND DWIGHT INC,Consumer Staples,0,0.057839267,FALSE,TRUE,TRUE,-0.057839267,Underweight,0.455833338,394,0.733208955,4
MAA,MID AMERICA APARTMENT COMMUNITIES,Real Estate,0,0.059142643,FALSE,TRUE,TRUE,-0.059142643,Underweight,0.466105294,395,0.735074627,4
DAL,DELTA AIR LINES INC,Industrials,0,0.059295538,FALSE,TRUE,TRUE,-0.059295538,Underweight,0.467310263,396,0.736940299,4
CNP,CENTERPOINT ENERGY INC,Utilities,0,0.059390647,FALSE,TRUE,TRUE,-0.059390647,Underweight,0.468059822,397,0.73880597,4
CMCSA,COMCAST CORP,Communication,0.368777127,0.428337492,FALSE,FALSE,FALSE,-0.059560365,Underweight,0.469397381,398,0.740671642,4
PGR,PROGRESSIVE CORP,Financials,0.16625265,0.225860652,FALSE,FALSE,FALSE,-0.059608002,Underweight,0.469772805,399,0.742537313,4
SHW,SHERWIN WILLIAMS,Materials,0.099053689,0.159877109,FALSE,FALSE,FALSE,-0.06082342,Underweight,0.479351558,400,0.744402985,4
LUV,SOUTHWEST AIRLINES,Industrials,0,0.061118399,FALSE,TRUE,TRUE,-0.061118399,Underweight,0.481676295,401,0.746268657,4
DRE,DUKE REALTY REIT CORP,Real Estate,0,0.06125495,FALSE,TRUE,TRUE,-0.06125495,Underweight,0.482752461,402,0.748134328,4
PPL,PPL CORP,Utilities,0,0.061706321,FALSE,TRUE,TRUE,-0.061706321,Underweight,0.486309735,403,0.75,4
ITW,ILLINOIS TOOL INC,Industrials,0.106771858,0.168791114,FALSE,FALSE,FALSE,-0.062019256,Underweight,0.488775988,404,0.751865672,4
TSN,TYSON FOODS INC,Consumer Staples,0,0.062945436,FALSE,TRUE,TRUE,-0.062945436,Underweight,0.496075241,405,0.753731343,4
LEN,LENNAR A CORP,Consumer Discretionary,0,0.06294653,FALSE,TRUE,TRUE,-0.06294653,Underweight,0.496083868,406,0.755597015,4
EL,ESTEE LAUDER INC,Consumer Staples,0.10282359,0.165968098,FALSE,FALSE,FALSE,-0.063144508,Underweight,0.497644139,407,0.757462687,4
LYB,LYONDELLBASELL INDUSTRIES NV CLASS,Materials,0,0.063396336,FALSE,TRUE,TRUE,-0.063396336,Underweight,0.499628805,408,0.759328358,4
MOH,MOLINA HEALTHCARE INC,Health Care,0,0.063554064,FALSE,TRUE,TRUE,-0.063554064,Underweight,0.500871865,409,0.76119403,4
RJF,RAYMOND JAMES INC,Financials,0,0.063596129,FALSE,TRUE,TRUE,-0.063596129,Underweight,0.501203376,410,0.763059701,4
CF,CF INDUSTRIES HOLDINGS INC,Materials,0,0.063904767,FALSE,TRUE,TRUE,-0.063904767,Underweight,0.503635766,411,0.764925373,4
REGN,REGENERON PHARMACEUTICALS INC,Health Care,0.180064874,0.244876691,FALSE,FALSE,FALSE,-0.064811817,Underweight,0.510784255,412,0.766791045,4
INVH,INVITATION HOMES INC,Real Estate,0,0.065245406,FALSE,TRUE,TRUE,-0.065245406,Underweight,0.514201388,413,0.768656716,4
PXD,PIONEER NATURAL RESOURCE,Energy,0.105830981,0.171194991,FALSE,FALSE,FALSE,-0.06536401,Underweight,0.515136113,414,0.770522388,4
ATVI,ACTIVISION BLIZZARD INC,Communication,0.109536193,0.175328268,FALSE,FALSE,FALSE,-0.065792075,Underweight,0.518509707,415,0.77238806,4
HIG,HARTFORD FINANCIAL SERVICES GROUP,Financials,0,0.066277773,FALSE,TRUE,TRUE,-0.066277773,Underweight,0.522337511,416,0.774253731,4
PCG,PG&E CORP,Utilities,0,0.066691426,FALSE,TRUE,TRUE,-0.066691426,Underweight,0.525597522,417,0.776119403,4
FE,FIRSTENERGY CORP,Utilities,0,0.066922364,FALSE,TRUE,TRUE,-0.066922364,Underweight,0.527417554,418,0.777985075,4
AEE,AMEREN CORP,Utilities,0,0.068603042,FALSE,TRUE,TRUE,-0.068603042,Underweight,0.540663036,419,0.779850746,4
FTV,FORTIVE CORP,Industrials,0,0.068767194,FALSE,TRUE,TRUE,-0.068767194,Underweight,0.541956725,420,0.781716418,4
CTRA,COTERRA ENERGY INC,Energy,0,0.068913049,FALSE,TRUE,TRUE,-0.068913049,Underweight,0.543106213,421,0.78358209,4
VMC,VULCAN MATERIALS,Materials,0,0.069015454,FALSE,TRUE,TRUE,-0.069015454,Underweight,0.543913269,422,0.785447761,4
EPAM,EPAM SYSTEMS INC,Information Technology,0,0.069275107,FALSE,TRUE,TRUE,-0.069275107,Underweight,0.545959607,423,0.787313433,4
EFX,EQUIFAX INC,Industrials,0,0.069480071,FALSE,TRUE,TRUE,-0.069480071,Underweight,0.547574939,424,0.789179104,4
CDW,CDW CORP,Information Technology,0,0.069751662,FALSE,TRUE,TRUE,-0.069751662,Underweight,0.549715354,425,0.791044776,4
ABC,AMERISOURCEBERGEN CORP,Health Care,0,0.070093743,FALSE,TRUE,TRUE,-0.070093743,Underweight,0.552411306,426,0.792910448,4
ORCL,ORACLE CORP,Information Technology,0.237297987,0.307633834,FALSE,FALSE,FALSE,-0.070335847,Underweight,0.55431934,427,0.794776119,4
GPC,GENUINE PARTS,Consumer Discretionary,0,0.070366487,FALSE,TRUE,TRUE,-0.070366487,Underweight,0.554560809,428,0.796641791,4
DHI,D R HORTON INC,Consumer Discretionary,0,0.070566191,FALSE,TRUE,TRUE,-0.070566191,Underweight,0.556134687,429,0.798507463,4
EIX,EDISON INTERNATIONAL,Utilities,0,0.071226107,FALSE,TRUE,TRUE,-0.071226107,Underweight,0.561335511,430,0.800373134,4
FANG,DIAMONDBACK ENERGY INC,Energy,0,0.071345375,FALSE,TRUE,TRUE,-0.071345375,Underweight,0.562275461,431,0.802238806,5
IT,GARTNER INC,Information Technology,0,0.072551347,FALSE,TRUE,TRUE,-0.072551347,Underweight,0.571779773,432,0.804104478,5
ZBH,ZIMMER BIOMET HOLDINGS INC,Health Care,0,0.072667231,FALSE,TRUE,TRUE,-0.072667231,Underweight,0.57269306,433,0.805970149,5
FITB,FIFTH THIRD BANCORP,Financials,0,0.072667409,FALSE,TRUE,TRUE,-0.072667409,Underweight,0.572694463,434,0.807835821,5
GLW,CORNING INC,Information Technology,0,0.072963117,FALSE,TRUE,TRUE,-0.072963117,Underweight,0.575024948,435,0.809701493,5
WTW,WILLIS TOWERS WATSON PLC,Financials,0,0.073072247,FALSE,TRUE,TRUE,-0.073072247,Underweight,0.575885002,436,0.811567164,5
DTE,DTE ENERGY,Utilities,0,0.074322003,FALSE,TRUE,TRUE,-0.074322003,Underweight,0.585734373,437,0.813432836,5
BSX,BOSTON SCIENTIFIC CORP,Health Care,0.109015173,0.184212517,FALSE,FALSE,FALSE,-0.075197344,Underweight,0.592632972,438,0.815298507,5
EQR,EQUITY RESIDENTIAL REIT,Real Estate,0,0.07535525,FALSE,TRUE,TRUE,-0.07535525,Underweight,0.593877437,439,0.817164179,5
EXR,EXTRA SPACE STORAGE REIT INC,Real Estate,0,0.07649194,FALSE,TRUE,TRUE,-0.07649194,Underweight,0.602835728,440,0.819029851,5
TROW,T ROWE PRICE GROUP INC,Financials,0,0.078564186,FALSE,TRUE,TRUE,-0.078564186,Underweight,0.619167169,441,0.820895522,5
FRC,FIRST REPUBLIC BANK,Financials,0,0.07948038,FALSE,TRUE,TRUE,-0.07948038,Underweight,0.626387728,442,0.822761194,5
ROK,ROCKWELL AUTOMATION INC,Industrials,0,0.082345776,FALSE,TRUE,TRUE,-0.082345776,Underweight,0.648970021,443,0.824626866,5
AVB,AVALONBAY COMMUNITIES REIT INC,Real Estate,0,0.085311914,FALSE,TRUE,TRUE,-0.085311914,Underweight,0.672346258,444,0.826492537,5
AME,AMETEK INC,Industrials,0,0.086060479,FALSE,TRUE,TRUE,-0.086060479,Underweight,0.678245731,445,0.828358209,5
CVX,CHEVRON CORP,Energy,0.770857847,0.858002955,FALSE,FALSE,FALSE,-0.087145108,Underweight,0.686793729,446,0.830223881,5
KHC,KRAFT HEINZ,Consumer Staples,0,0.088513528,FALSE,TRUE,TRUE,-0.088513528,Underweight,0.697578293,447,0.832089552,5
OTIS,OTIS WORLDWIDE CORP,Industrials,0,0.088774091,FALSE,TRUE,TRUE,-0.088774091,Underweight,0.699631799,448,0.833955224,5
VRSK,VERISK ANALYTICS INC,Industrials,0,0.089071352,FALSE,TRUE,TRUE,-0.089071352,Underweight,0.701974527,449,0.835820896,5
CEG,CONSTELLATION ENERGY CORP,Utilities,0,0.090016439,FALSE,TRUE,TRUE,-0.090016439,Underweight,0.709422787,450,0.837686567,5
TDG,TRANSDIGM GROUP INC,Industrials,0,0.090026241,FALSE,TRUE,TRUE,-0.090026241,Underweight,0.70950004,451,0.839552239,5
AMP,AMERIPRISE FINANCE INC,Financials,0,0.09080781,FALSE,TRUE,TRUE,-0.09080781,Underweight,0.715659613,452,0.84141791,5
WM,WASTE MANAGEMENT INC,Industrials,0.108703432,0.199781546,FALSE,FALSE,FALSE,-0.091078114,Underweight,0.717789891,453,0.843283582,5
CSGP,COSTAR GROUP INC,Industrials,0,0.091889985,FALSE,TRUE,TRUE,-0.091889985,Underweight,0.724188276,454,0.845149254,5
WEC,WEC ENERGY GROUP INC,Utilities,0,0.093273889,FALSE,TRUE,TRUE,-0.093273889,Underweight,0.735094874,455,0.847014925,5
VICI,VICI PPTYS INC,Real Estate,0,0.095062702,FALSE,TRUE,TRUE,-0.095062702,Underweight,0.749192573,456,0.848880597,5
CSX,CSX CORP,Industrials,0.093152997,0.18909018,FALSE,FALSE,FALSE,-0.095937183,Underweight,0.756084385,457,0.850746269,5
PCAR,PACCAR INC,Industrials,0,0.096194921,FALSE,TRUE,TRUE,-0.096194921,Underweight,0.75811563,458,0.85261194,5
ROST,ROSS STORES INC,Consumer Discretionary,0,0.097789534,FALSE,TRUE,TRUE,-0.097789534,Underweight,0.770682828,459,0.854477612,5
SPG,SIMON PROPERTY GROUP REIT INC,Real Estate,0,0.097892891,FALSE,TRUE,TRUE,-0.097892891,Underweight,0.771497393,460,0.856343284,5
TWTR,TWITTER INC,Communication,0,0.098215782,FALSE,TRUE,TRUE,-0.098215782,Underweight,0.774042111,461,0.858208955,5
CTSH,COGNIZANT TECHNOLOGY SOLUTIONS COR,Information Technology,0,0.098596498,FALSE,TRUE,TRUE,-0.098596498,Underweight,0.777042546,462,0.860074627,5
GPN,GLOBAL PAYMENTS INC,Information Technology,0,0.099312081,FALSE,TRUE,TRUE,-0.099312081,Underweight,0.782682075,463,0.861940299,5
YUM,YUM BRANDS INC,Consumer Discretionary,0,0.100028791,FALSE,TRUE,TRUE,-0.100028791,Underweight,0.788330493,464,0.86380597,5
ALB,ALBEMARLE CORP,Materials,0,0.102436344,FALSE,TRUE,TRUE,-0.102436344,Underweight,0.807304507,465,0.865671642,5
PH,PARKER-HANNIFIN CORP,Industrials,0,0.102696791,FALSE,TRUE,TRUE,-0.102696791,Underweight,0.809357102,466,0.867537313,5
MTB,M&T BANK CORP,Financials,0,0.103174524,FALSE,TRUE,TRUE,-0.103174524,Underweight,0.813122129,467,0.869402985,5
AMZN,AMAZON COM INC,Consumer Discretionary,3.216761416,3.32135057,FALSE,FALSE,FALSE,-0.104589155,Underweight,0.824270886,468,0.871268657,5
SCHW,CHARLES SCHWAB CORP,Financials,0.258434685,0.363931049,FALSE,FALSE,FALSE,-0.105496364,Underweight,0.831420639,469,0.873134328,5
FTNT,FORTINET INC,Information Technology,0,0.106081587,FALSE,TRUE,TRUE,-0.106081587,Underweight,0.836032801,470,0.875,5
EOG,EOG RESOURCES INC,Energy,0.111289203,0.217492839,FALSE,FALSE,FALSE,-0.106203636,Underweight,0.836994675,471,0.876865672,5
HSY,HERSHEY FOODS,Consumer Staples,0,0.106867408,FALSE,TRUE,TRUE,-0.106867408,Underweight,0.84222588,472,0.878731343,5
AFL,AFLAC INC,Financials,0,0.107682827,FALSE,TRUE,TRUE,-0.107682827,Underweight,0.848652226,473,0.880597015,5
TSLA,TESLA INC,Consumer Discretionary,2.233769058,2.342862031,FALSE,FALSE,FALSE,-0.109092974,Underweight,0.859765646,474,0.882462687,5
MNST,MONSTER BEVERAGE CORP,Consumer Staples,0,0.110394288,FALSE,TRUE,TRUE,-0.110394288,Underweight,0.870021349,475,0.884328358,5
CTAS,CINTAS CORP,Industrials,0,0.110719402,FALSE,TRUE,TRUE,-0.110719402,Underweight,0.872583583,476,0.88619403,5
IQV,IQVIA HOLDINGS INC,Health Care,0,0.111571608,FALSE,TRUE,TRUE,-0.111571608,Underweight,0.879299851,477,0.888059701,5
MCHP,MICROCHIP TECHNOLOGY INC,Information Technology,0,0.112213834,FALSE,TRUE,TRUE,-0.112213834,Underweight,0.884361255,478,0.889925373,5
MSCI,MSCI INC,Financials,0,0.112292038,FALSE,TRUE,TRUE,-0.112292038,Underweight,0.88497759,479,0.891791045,5
PG,PROCTER & GAMBLE,Consumer Staples,0.887175986,1.000452061,FALSE,FALSE,FALSE,-0.113276075,Underweight,0.892732819,480,0.893656716,5
MDLZ,MONDELEZ INTERNATIONAL INC,Consumer Staples,0.134463787,0.249207767,FALSE,FALSE,FALSE,-0.114743981,Underweight,0.904301435,481,0.895522388,5
WMB,WILLIAMS INC,Energy,0,0.1159001,FALSE,TRUE,TRUE,-0.1159001,Underweight,0.913412856,482,0.89738806,5
XEL,XCEL ENERGY INC,Utilities,0,0.11664649,FALSE,TRUE,TRUE,-0.11664649,Underweight,0.91929518,483,0.899253731,5
COF,CAPITAL ONE FINANCIAL CORP,Financials,0,0.116862613,FALSE,TRUE,TRUE,-0.116862613,Underweight,0.92099845,484,0.901119403,5
NFLX,NETFLIX INC,Communication,0.230204686,0.347216934,FALSE,FALSE,FALSE,-0.117012248,Underweight,0.922177732,485,0.902985075,5
O,REALTY INCOME REIT CORP,Real Estate,0,0.118786667,FALSE,TRUE,TRUE,-0.118786667,Underweight,0.936161991,486,0.904850746,5
PAYX,PAYCHEX INC,Information Technology,0,0.118806953,FALSE,TRUE,TRUE,-0.118806953,Underweight,0.936321864,487,0.906716418,5
AJG,ARTHUR J GALLAGHER,Financials,0,0.119406574,FALSE,TRUE,TRUE,-0.119406574,Underweight,0.941047498,488,0.90858209,5
STZ,CONSTELLATION BRANDS INC,Consumer Staples,0,0.120915514,FALSE,TRUE,TRUE,-0.120915514,Underweight,0.952939511,489,0.910447761,5
GE,GENERAL ELECTRIC,Industrials,0.094215707,0.225388864,FALSE,FALSE,FALSE,-0.131173158,Underweight,1.033780368,490,0.912313433,5
APH,AMPHENOL CORP,Information Technology,0,0.1326113,FALSE,TRUE,TRUE,-0.1326113,Underweight,1.045114424,491,0.914179104,5
UNP,UNION PACIFIC CORP,Industrials,0.270817972,0.403457745,FALSE,FALSE,FALSE,-0.132639773,Underweight,1.045338814,492,0.916044776,5
MET,METLIFE INC,Financials,0,0.134683597,FALSE,TRUE,TRUE,-0.134683597,Underweight,1.061446267,493,0.917910448,5
AZO,AUTOZONE INC,Consumer Discretionary,0,0.138023256,FALSE,TRUE,TRUE,-0.138023256,Underweight,1.08776624,494,0.919776119,5
T,AT&T INC,Communication,0.224349861,0.362508505,FALSE,FALSE,FALSE,-0.138158644,Underweight,1.088833242,495,0.921641791,5
CMG,CHIPOTLE MEXICAN GRILL INC,Consumer Discretionary,0,0.1383426,FALSE,TRUE,TRUE,-0.1383426,Underweight,1.090283,496,0.923507463,5
KLAC,KLA CORP,Information Technology,0,0.141976252,FALSE,TRUE,TRUE,-0.141976252,Underweight,1.118919941,497,0.925373134,5
ADI,ANALOG DEVICES INC,Information Technology,0.098096632,0.240194632,FALSE,FALSE,FALSE,-0.142098,Underweight,1.119879447,498,0.927238806,5
EMR,EMERSON ELECTRIC,Industrials,0,0.14399791,FALSE,TRUE,TRUE,-0.14399791,Underweight,1.134852704,499,0.929104478,5
AEP,AMERICAN ELECTRIC POWER INC,Utilities,0,0.147066361,FALSE,TRUE,TRUE,-0.147066361,Underweight,1.159035277,500,0.930970149,5
F,FORD MOTOR CO,Consumer Discretionary,0,0.147097628,FALSE,TRUE,TRUE,-0.147097628,Underweight,1.159281696,501,0.932835821,5
ORLY,OREILLY AUTOMOTIVE INC,Consumer Discretionary,0,0.148350329,FALSE,TRUE,TRUE,-0.148350329,Underweight,1.169154272,502,0.934701493,5
PSA,PUBLIC STORAGE REIT,Real Estate,0,0.153116307,FALSE,TRUE,TRUE,-0.153116307,Underweight,1.206715119,503,0.936567164,5
GM,GENERAL MOTORS,Consumer Discretionary,0,0.155672106,FALSE,TRUE,TRUE,-0.155672106,Underweight,1.226857459,504,0.938432836,5
GD,GENERAL DYNAMICS CORP,Industrials,0,0.15800429,FALSE,TRUE,TRUE,-0.15800429,Underweight,1.245237486,505,0.940298507,5
TMUS,T MOBILE US INC,Communication,0.10842794,0.26782955,FALSE,FALSE,FALSE,-0.15940161,Underweight,1.25624982,506,0.942164179,5
TMO,THERMO FISHER SCIENTIFIC INC,Health Care,0.490264845,0.658978953,FALSE,FALSE,FALSE,-0.168714108,Underweight,1.32964195,507,0.944029851,5
ABBV,ABBVIE INC,Health Care,0.617785719,0.786932886,FALSE,FALSE,FALSE,-0.169147167,Underweight,1.333054903,508,0.945895522,5
APD,AIR PRODUCTS AND CHEMICALS INC,Materials,0,0.171671914,FALSE,TRUE,TRUE,-0.171671914,Underweight,1.352952522,509,0.947761194,5
ETN,EATON PLC,Industrials,0,0.177065435,FALSE,TRUE,TRUE,-0.177065435,Underweight,1.395459059,510,0.949626866,5
DG,DOLLAR GENERAL CORP,Consumer Discretionary,0,0.180471774,FALSE,TRUE,TRUE,-0.180471774,Underweight,1.422304535,511,0.951492537,5
USB,US BANCORP,Financials,0,0.181293376,FALSE,TRUE,TRUE,-0.181293376,Underweight,1.428779614,512,0.953358209,5
MSFT,MICROSOFT CORP,Information Technology,5.576597047,5.760139114,FALSE,FALSE,FALSE,-0.183542067,Underweight,1.446501623,513,0.955223881,5
XOM,EXXON MOBIL CORP,Energy,1.019541832,1.206704723,FALSE,FALSE,FALSE,-0.187162891,Underweight,1.475037469,514,0.957089552,5
AON,AON PLC,Financials,0,0.187365144,FALSE,TRUE,TRUE,-0.187365144,Underweight,1.476631431,515,0.958955224,5
META,META PLATFORMS INC,Communication,0.83814153,1.026186595,FALSE,FALSE,FALSE,-0.188045065,Underweight,1.481989913,516,0.960820896,5
D,DOMINION ENERGY INC,Utilities,0,0.190782603,FALSE,TRUE,TRUE,-0.190782603,Underweight,1.503564551,517,0.962686567,5
SBUX,STARBUCKS CORP,Consumer Discretionary,0.129068021,0.320615385,FALSE,FALSE,FALSE,-0.191547364,Underweight,1.50959166,518,0.964552239,5
BDX,BECTON DICKINSON,Health Care,0,0.210746113,FALSE,TRUE,TRUE,-0.210746113,Underweight,1.660897693,519,0.96641791,5
AVGO,BROADCOM INC,Information Technology,0.381667124,0.594602408,FALSE,FALSE,FALSE,-0.212935284,Underweight,1.678150625,520,0.968283582,5
GOOGL,ALPHABET INC,Communication,3.397652403,3.611578831,FALSE,FALSE,FALSE,-0.213926428,Underweight,1.685961866,521,0.970149254,5
BA,BOEING,Industrials,0,0.224129206,FALSE,TRUE,TRUE,-0.224129206,Underweight,1.766370326,522,0.972014925,5
UNH,UNITEDHEALTH GROUP INC,Health Care,1.341275137,1.566621596,FALSE,FALSE,FALSE,-0.225346459,Underweight,1.775963544,523,0.973880597,5
SYK,STRYKER CORP,Health Care,0,0.226156009,FALSE,TRUE,TRUE,-0.226156009,Underweight,1.782343635,524,0.975746269,5
NOC,NORTHROP GRUMMAN CORP,Industrials,0,0.226350803,FALSE,TRUE,TRUE,-0.226350803,Underweight,1.783878816,525,0.97761194,5
WFC,WELLS FARGO,Financials,0.273755609,0.505915136,FALSE,FALSE,FALSE,-0.232159528,Underweight,1.82965758,526,0.979477612,5
DUK,DUKE ENERGY CORP,Utilities,0,0.237516813,FALSE,TRUE,TRUE,-0.237516813,Underweight,1.871878542,527,0.981343284,5
SO,SOUTHERN,Utilities,0,0.239712434,FALSE,TRUE,TRUE,-0.239712434,Underweight,1.889182306,528,0.983208955,5
MO,ALTRIA GROUP INC,Consumer Staples,0,0.241148661,FALSE,TRUE,TRUE,-0.241148661,Underweight,1.900501264,529,0.985074627,5
MCD,MCDONALDS CORP,Consumer Discretionary,0.263215166,0.562961646,FALSE,FALSE,FALSE,-0.29974648,Underweight,2.362312782,530,0.986940299,5
LMT,LOCKHEED MARTIN CORP,Industrials,0,0.302302883,FALSE,TRUE,TRUE,-0.302302883,Underweight,2.382459882,531,0.98880597,5
ABT,ABBOTT LABORATORIES,Health Care,0.224160989,0.561931698,FALSE,FALSE,FALSE,-0.33777071,Underweight,2.6619831,532,0.990671642,5
MDT,MEDTRONIC PLC,Health Care,0,0.355810715,FALSE,TRUE,TRUE,-0.355810715,Underweight,2.804157033,533,0.992537313,5
PM,PHILIP MORRIS INTERNATIONAL INC,Consumer Staples,0,0.426732333,FALSE,TRUE,TRUE,-0.426732333,Underweight,3.363092849,534,0.994402985,5
JNJ,JOHNSON & JOHNSON,Health Care,0.983397334,1.42433992,FALSE,FALSE,FALSE,-0.440942586,Underweight,3.475084366,535,0.996268657,5
WMT,WALMART INC,Consumer Staples,0,0.613089193,FALSE,TRUE,TRUE,-0.613089193,Underweight,4.83177796,536,0.998134328,5
BRK-B,BERKSHIRE HATHAWAY INC,Financials,0.466945397,1.598185817,FALSE,FALSE,FALSE,-1.13124042,Underweight,8.915346402,537,1,5